account_number;name;short_name;class;parent_number;normal_side;is_posting;is_system;notes
10;VALEURS EN CAISSE;;1;;D;FALSE;TRUE;
101;Billets et monnaies;;1;10;D;FALSE;TRUE;
1011;Billets et monnaies émis par la BCEAO;;1;101;D;TRUE;TRUE;
101111;Caisse (agence);;1;1011;D;TRUE;FALSE;
11;COMPTES ORDINAIRES CHEZ LES INSTITUTIONS FINANCIERES;;1;;D;FALSE;TRUE;
113;Centre des Chèques postaux;;1;11;D;FALSE;TRUE;
1131;Centre des Chèques postaux;;1;113;D;TRUE;TRUE;
1136;Dettes rattachées;;1;113;C;TRUE;TRUE;
1137;Créances rattachées;;1;113;D;TRUE;TRUE;
114;Banques et correspondants;;1;11;D;FALSE;TRUE;
1141;Banques et correspondants;;1;114;D;TRUE;TRUE;
1146;Dettes rattachées;;1;114;C;TRUE;TRUE;
1147;Créances rattachées;;1;114;D;TRUE;TRUE;
116;Systèmes Financiers Décentralisés;;1;11;D;FALSE;TRUE;
1161;Systèmes Financiers Décentralisés;;1;116;D;TRUE;TRUE;
1166;Dettes rattachées;;1;116;C;TRUE;TRUE;
1167;Créances rattachées;;1;116;D;TRUE;TRUE;
117;Autres institutions financières;;1;11;D;FALSE;TRUE;
1171;Autres institutions financières;;1;117;D;TRUE;TRUE;
1176;Dettes rattachées;;1;117;C;TRUE;TRUE;
1177;Créances rattachées;;1;117;D;TRUE;TRUE;
12;AUTRES COMPTES DE DEPOTS CHEZ LES INSTITUTIONS FINANCIERES;;1;;D;FALSE;TRUE;
126;Dépôts à terme constitués;;1;12;D;FALSE;TRUE;
1261;Dépôts à terme constitués;;1;126;D;TRUE;TRUE;
1267;Créances rattachées;;1;126;D;TRUE;TRUE;
127;Dépôts de garantie constitués;;1;12;D;FALSE;TRUE;
1271;Dépôts de garantie constitués;;1;127;D;TRUE;TRUE;
1277;Créances rattachées;;1;127;D;TRUE;TRUE;
128;Autres dépôts constitués;;1;12;D;FALSE;TRUE;
1281;Autres dépôts constitués;;1;128;D;TRUE;TRUE;
1287;Créances rattachées;;1;128;D;TRUE;TRUE;
13;COMPTES DE PRETS AUX INSTITUTIONS FINANCIERES;;1;;D;FALSE;TRUE;
131;Prêts à moins d’1 an;;1;13;D;FALSE;TRUE;
1311;Prêts à moins d’1 an;;1;131;D;TRUE;TRUE;
1317;Créances rattachées;;1;131;D;TRUE;TRUE;
133;Prêts à terme;;1;13;D;FALSE;TRUE;
1331;Prêts à terme;;1;133;D;TRUE;TRUE;
1337;Créances rattachées;;1;133;D;TRUE;TRUE;
15;COMPTES ORDINAIRES DES INSTITUTIONS FINANCIERES;;1;;C;FALSE;TRUE;
154;Banques et correspondants;;1;15;C;FALSE;TRUE;
1541;Banques et correspondants;;1;154;C;TRUE;TRUE;
1546;Dettes rattachées;;1;154;C;TRUE;TRUE;
1547;Créances rattachées;;1;154;D;TRUE;TRUE;
156;Systèmes Financiers Décentralisés;;1;15;C;FALSE;TRUE;
1561;Systèmes Financiers Décentralisés;;1;156;C;TRUE;TRUE;
1566;Dettes rattachées;;1;156;C;TRUE;TRUE;
1567;Créances rattachées;;1;156;D;TRUE;TRUE;
157;Autres institutions financières;;1;15;C;FALSE;TRUE;
1571;Autres institutions financières;;1;157;C;TRUE;TRUE;
1576;Dettes rattachées;;1;157;C;TRUE;TRUE;
1577;Créances rattachées;;1;157;D;TRUE;TRUE;
16;AUTRES COMPTES DE DEPOTS DES INSTITUTIONS FINANCIERES;;1;;C;FALSE;TRUE;
161;Dépôts à terme reçus;;1;16;C;FALSE;TRUE;
1611;Dépôts à terme reçus;;1;161;C;TRUE;TRUE;
1616;Dettes rattachées;;1;161;C;TRUE;TRUE;
162;Dépôts de garantie reçus;;1;16;C;FALSE;TRUE;
1621;Dépôts de garantie reçus;;1;162;C;TRUE;TRUE;
1626;Dettes rattachées;;1;162;C;TRUE;TRUE;
165;Autres dépôts reçus;;1;16;C;FALSE;TRUE;
1651;Autres dépôts reçus;;1;165;C;TRUE;TRUE;
1656;Dettes rattachées;;1;165;C;TRUE;TRUE;
17;COMPTES D'EMPRUNTS ET AUTRES SOMMES DUES AUX INSTITUTIONS FINANCIERES;;1;;C;FALSE;TRUE;
175;Emprunts à moins d’un an;;1;17;C;FALSE;TRUE;
1751;Emprunts à moins d’un an;;1;175;C;TRUE;TRUE;
1756;Dettes rattachées;;1;175;C;TRUE;TRUE;
178;Emprunts à terme;;1;17;C;FALSE;TRUE;
1781;Emprunts à terme;;1;178;C;TRUE;TRUE;
1786;Dettes rattachées;;1;178;C;TRUE;TRUE;
179;Autres sommes dues aux institutions financières;;1;17;C;TRUE;TRUE;
18;RESSOURCES AFFECTEES;;1;;C;FALSE;TRUE;
181;Ressources affectées à court terme;;1;18;C;TRUE;TRUE;
182;Ressources affectées à moyen terme;;1;18;C;TRUE;TRUE;
183;Ressources affectées à long terme;;1;18;C;TRUE;TRUE;
184;Intérêts capitalisés;;1;18;C;TRUE;TRUE;
19;COMPTES DE PRETS EN SOUFFRANCE ET IMMOBILISES;;1;;D;FALSE;TRUE;
191;Prêts immobilisés;;1;19;D;TRUE;TRUE;
192;Prêts en souffrance de 6 mois au plus;;1;19;D;FALSE;TRUE;
1921;Prêts en souffrance de 0 à 3 mois au plus;;1;192;D;TRUE;TRUE;
1922;Prêts en souffrance de plus de 3 mois à 6 mois au plus;;1;192;D;TRUE;TRUE;
193;Prêts en souffrance de plus de 6 mois à 12 mois au plus;;1;19;D;TRUE;TRUE;
194;Prêts en souffrance de plus de 12 mois à 24 mois au plus;;1;19;D;TRUE;TRUE;
199;Provisions sur prêts en souffrance;;1;19;C;FALSE;TRUE;
1991;Provisions sur prêts en souffrance de 6 mois au plus;;1;199;C;TRUE;TRUE;
1992;Provisions sur prêts en souffrance de plus de 6 mois à 12 mois au plus;;1;199;C;TRUE;TRUE;
1993;Provisions sur prêts en souffrance de plus de 12 mois à 24 mois au plus;;1;199;C;TRUE;TRUE;
20;CREDITS AUX MEMBRES, BENEFICIAIRES OU CLIENTS;;2;;D;FALSE;TRUE;
202;Crédits à court terme;;2;20;D;FALSE;TRUE;
2022;Crédits ordinaires;;2;202;D;FALSE;TRUE;
20227;Créances rattachées;;2;2022;D;TRUE;TRUE;
2023;Découverts;;2;202;D;TRUE;TRUE;
203;Crédits à moyen terme;;2;20;D;FALSE;TRUE;
2031;Crédits à moyen terme;;2;203;D;TRUE;TRUE;
2037;Créances rattachées;;2;203;D;TRUE;TRUE;
25;COMPTES DES MEMBRES, BENEFICIAIRES OU CLIENTS;;2;;C;FALSE;TRUE;
251;Comptes ordinaires;;2;25;C;FALSE;TRUE;
2511;Comptes ordinaires;;2;251;C;FALSE;TRUE;
251111;Comptes ordinaires — membres;;2;2511;C;TRUE;TRUE;
251121;Comptes ordinaires — clients;;2;2511;C;TRUE;TRUE;
25116;Dettes rattachées;;2;2511;C;TRUE;TRUE;
25117;Créances rattachées;;2;2511;D;TRUE;TRUE;
2512;Comptes ordinaires sur livret;;2;251;C;FALSE;TRUE;
251211;Comptes ordinaires sur livret — membres;;2;2512;C;TRUE;TRUE;
251221;Comptes ordinaires sur livret — clients;;2;2512;C;TRUE;TRUE;
25126;Dettes rattachées;;2;2512;C;TRUE;TRUE;
252;Dépôts à terme reçus;;2;25;C;FALSE;TRUE;
2521;Dépôts à terme reçus;;2;252;C;FALSE;TRUE;
252111;Dépôts à terme reçus — membres;;2;2521;C;TRUE;TRUE;
252121;Dépôts à terme reçus — clients;;2;2521;C;TRUE;TRUE;
2526;Dettes rattachées;;2;252;C;TRUE;TRUE;
253;Comptes d'épargne à régime spécial (livrets d'épargne, comptes d'épargne-logement, plan d'épargne-logement);;2;25;C;FALSE;TRUE;
2531;Compte d’épargne sur livret;;2;253;C;FALSE;TRUE;
253111;Compte d'épargne sur livret — membres;;2;2531;C;TRUE;TRUE;
253121;Compte d'épargne sur livret — clients;;2;2531;C;TRUE;TRUE;
25316;Dettes rattachées;;2;2531;C;TRUE;TRUE;
254;Dépôts de garantie reçus;;2;25;C;FALSE;TRUE;
2545;Dépôts de garantie reçus;;2;254;C;TRUE;TRUE;
2546;Dettes rattachées;;2;254;C;TRUE;TRUE;
255;Autres dépôts reçus;;2;25;C;FALSE;TRUE;
2551;Autres dépôts reçus;;2;255;C;TRUE;TRUE;
2556;Dettes rattachées;;2;255;C;TRUE;TRUE;
27;EMPRUNTS ET AUTRES SOMMES DUES AUX MEMBRES, BENEFICIAIRES OU CLIENTS;;2;;C;FALSE;TRUE;
271;Emprunts aux membres, bénéficiaires ou clients;;2;27;C;FALSE;TRUE;
2711;Emprunts;;2;271;C;TRUE;TRUE;
2716;Dettes rattachées;;2;271;C;TRUE;TRUE;
272;Autres sommes dues aux membres, bénéficiaires ou clients;;2;27;C;FALSE;TRUE;
2721;Dispositions à payer;;2;272;C;TRUE;TRUE;
2722;Provisions pour chèques certifiés;;2;272;C;TRUE;TRUE;
2725;Divers;;2;272;C;TRUE;TRUE;
2726;Dettes rattachées;;2;272;C;TRUE;TRUE;
29;COMPTES DE CREDITS EN SOUFFRANCE;;2;;D;FALSE;TRUE;
291;Crédits immobilisés;;2;29;D;TRUE;TRUE;
292;Crédits en souffrance de 6 mois au plus;;2;29;D;TRUE;TRUE;
293;Crédits en souffrance de plus de 6 mois à 12 mois au plus;;2;29;D;TRUE;TRUE;
294;Crédits en souffrance de plus de 12 mois à 24 mois au plus;;2;29;D;TRUE;TRUE;
299;Provisions sur crédits en souffrance;;2;29;C;FALSE;TRUE;
2991;Provisions sur crédits en souffrance de 6 mois au plus;;2;299;C;TRUE;TRUE;
2992;Provisions sur crédits en souffrance de plus de 6 mois à 12 mois au plus;;2;299;C;TRUE;TRUE;
2993;Provisions sur crédits en souffrance de plus de 12 mois;;2;299;C;TRUE;TRUE;
30;TITRES DE PLACEMENT;;3;;D;FALSE;TRUE;
305;Versements restant à effectuer;;3;30;D;TRUE;TRUE;
307;Créances rattachées;;3;30;D;TRUE;TRUE;
309;Provisions pour dépréciation;;3;30;C;TRUE;TRUE;
32;COMPTES DE STOCKS ET EMPLOIS DIVERS;;3;;D;FALSE;TRUE;
321;Stocks de biens meubles;;3;32;D;FALSE;TRUE;
3211;Stocks de biens meubles;;3;321;D;TRUE;TRUE;
3219;Provisions pour dépréciation;;3;321;C;TRUE;TRUE;
322;Stocks de marchandises;;3;32;D;FALSE;TRUE;
3221;Stocks de marchandises;;3;322;D;TRUE;TRUE;
3229;Provisions pour dépréciation;;3;322;C;TRUE;TRUE;
323;Stocks de fournitures;;3;32;D;FALSE;TRUE;
3231;Stocks de fournitures;;3;323;D;TRUE;TRUE;
3239;Provisions pour dépréciation;;3;323;C;TRUE;TRUE;
33;DEBITEURS ET CREDITEURS DIVERS;;3;;D;FALSE;TRUE;
331;Débiteurs divers;;3;33;D;FALSE;TRUE;
3319;Autres créances en souffrance et provisions pour dépréciation;;3;331;D;TRUE;TRUE;
332;Créditeurs divers;;3;33;C;TRUE;TRUE;
37;COMPTES TRANSITOIRES ET D'ATTENTE;;3;;D;FALSE;TRUE;
378;Autres comptes transitoires;;3;37;D;TRUE;TRUE;
379;Comptes d'attente;;3;37;D;FALSE;TRUE;
3791;Comptes d'attente - actif;;3;379;D;TRUE;TRUE;
3792;Comptes d'attente - passif;;3;379;C;TRUE;TRUE;
38;COMPTES DE REGULARISATION;;3;;D;FALSE;TRUE;
381;Comptes de régularisation - actif;;3;38;D;FALSE;TRUE;
3811;Charges à répartir sur plusieurs exercices;;3;381;D;TRUE;TRUE;
3812;Charges constatées d'avance;;3;381;D;TRUE;TRUE;
3814;Comptes d'abonnement de produits;;3;381;D;TRUE;TRUE;
3815;Produits à recevoir;;3;381;D;TRUE;TRUE;
382;Comptes de régularisation - passif;;3;38;C;FALSE;TRUE;
3822;Produits constatés d'avance;;3;382;C;TRUE;TRUE;
3824;Comptes d'abonnement de charges;;3;382;C;TRUE;TRUE;
3825;Charges à payer;;3;382;C;TRUE;TRUE;
41;IMMOBILISATIONS FINANCIERES;;4;;D;FALSE;TRUE;
412;Titres de participation;;4;41;D;FALSE;TRUE;
4126;Versements restant à effectuer;;4;412;D;TRUE;TRUE;
4127;Créances rattachées;;4;412;D;TRUE;TRUE;
4129;Provisions pour dépréciation;;4;412;C;TRUE;TRUE;
42;DEPOTS ET CAUTIONNEMENTS;;4;;D;FALSE;TRUE;
421;Dépôts et cautionnements;;4;42;D;TRUE;TRUE;
427;Créances rattachées;;4;42;D;TRUE;TRUE;
429;Provisions pour dépréciation des dépôts et cautionnements;;4;42;C;TRUE;TRUE;
43;IMMOBILISATIONS EN COURS;;4;;D;FALSE;TRUE;
431;Immobilisations incorporelles en cours;;4;43;D;FALSE;TRUE;
4311;Immobilisations incorporelles en cours;;4;431;D;TRUE;TRUE;
4319;Provisions pour dépréciation;;4;431;D;TRUE;TRUE;
432;Immobilisations corporelles en cours;;4;43;D;FALSE;TRUE;
4321;Immobilisations corporelles en cours;;4;432;D;TRUE;TRUE;
4329;Provisions pour dépréciation;;4;432;D;TRUE;TRUE;
44;IMMOBILISATIONS D'EXPLOITATION;;4;;D;FALSE;TRUE;
441;Immobilisations incorporelles;;4;44;D;FALSE;TRUE;
4418;Amortissements;;4;441;C;TRUE;TRUE;
4419;Provisions pour dépréciation;;4;441;C;TRUE;TRUE;
442;Immobilisations corporelles;;4;44;D;FALSE;TRUE;
4428;Amortissements des immobilisations corporelles;;4;442;C;TRUE;TRUE;
4429;Provisions pour dépréciation des immobilisations corporelles;;4;442;C;TRUE;TRUE;
50;SUBVENTIONS ET AUTRES FONDS RECUS;;5;;C;FALSE;TRUE;
501;Subventions d'investissement;;5;50;C;FALSE;TRUE;
5011;Subventions d'investissement;;5;501;C;TRUE;TRUE;
5012;Subventions d'investissement virées au compte de résultat;;5;501;C;TRUE;TRUE;
502;Fonds affectés (Fonds de garantie, fonds d'assurance, fonds de bonification, fonds de sécurité);;5;50;C;TRUE;TRUE;
503;Fonds de crédit;;5;50;C;TRUE;TRUE;
51;PROVISIONS POUR RISQUES ET CHARGES;;5;;C;FALSE;TRUE;
511;Provisions pour charges de retraite;;5;51;C;TRUE;TRUE;
519;Autres provisions pour risques et charges;;5;51;C;TRUE;TRUE;
52;PROVISIONS REGLEMENTEES;;5;;C;FALSE;TRUE;
521;Provisions pour risques afférents aux opérations de crédits à moyen et long termes;;5;52;C;TRUE;TRUE;
53;EMPRUNTS ET TITRES EMIS SUBORDONNES;;5;;C;FALSE;TRUE;
532;Emprunts et titres émis subordonnés;;5;53;C;TRUE;TRUE;
536;Dettes rattachées;;5;53;C;TRUE;TRUE;
54;FONDS POUR RISQUES FINANCIERS GENERAUX;;5;;C;TRUE;TRUE;
55;PRIMES LIEES AU CAPITAL ET RESERVES;;5;;C;FALSE;TRUE;
551;Primes liées au capital;;5;55;C;TRUE;TRUE;
552;Réserves;;5;55;C;FALSE;TRUE;
5521;Réserve générale;;5;552;C;TRUE;TRUE;
5522;Réserves facultatives;;5;552;C;TRUE;TRUE;
5523;Autres réserves;;5;552;C;TRUE;TRUE;
56;FONDS DE DOTATION;;5;;C;TRUE;TRUE;
57;CAPITAL SOCIAL;;5;;C;FALSE;TRUE;
571;Capital;;5;57;C;FALSE;TRUE;
5711;Capital souscrit appelé;;5;571;C;FALSE;TRUE;
57111;Capital souscrit appelé versé;;5;5711;C;TRUE;TRUE;
571111;Parts sociales libérées;;5;57111;C;TRUE;FALSE;
57112;Capital souscrit appelé non versé;;5;5711;D;TRUE;TRUE;
571121;Parts sociales non libérées;;5;57112;D;TRUE;FALSE;
5712;Capital non appelé;;5;571;D;TRUE;TRUE;
573;Actionnaires, associés ou membres;;5;57;C;FALSE;TRUE;
5731;Actionnaires, associés ou membres, capital souscrit non appelé;;5;573;D;TRUE;TRUE;
5732;Actionnaires, associés ou membres, capital souscrit appelé non versé;;5;573;D;TRUE;TRUE;
58;REPORT A NOUVEAU;;5;;C;TRUE;TRUE;
59;RESULTAT;;5;;C;FALSE;TRUE;
591;Excédent ou déficit en instance d'approbation;;5;59;C;TRUE;TRUE;
592;Excédent ou déficit de l'exercice;;5;59;C;TRUE;TRUE;
593;Marge;;5;59;C;TRUE;TRUE;
594;Produit financier net ou charge financière nette;;5;59;C;TRUE;TRUE;
595;Excédent ou déficit d’exploitation;;5;59;C;TRUE;TRUE;
596;Excédent ou déficit exceptionnel;;5;59;C;TRUE;TRUE;
60;CHARGES D'EXPLOITATION FINANCIERE;;6;;D;FALSE;TRUE;
601;Charges sur opérations avec les institutions financières;;6;60;D;FALSE;TRUE;
6011;Intérêts sur comptes ordinaires chez les institutions financières;;6;601;D;TRUE;TRUE;
6015;Intérêts sur comptes ordinaires des institutions financières;;6;601;D;TRUE;TRUE;
6016;Intérêts sur autres comptes de dépôts des institutions financières;;6;601;D;TRUE;TRUE;
6017;Intérêts sur comptes d'emprunts;;6;601;D;TRUE;TRUE;
6018;Autres intérêts;;6;601;D;TRUE;TRUE;
6019;Commissions;;6;601;D;TRUE;TRUE;
602;Charges sur opérations avec les membres, bénéficiaires ou clients;;6;60;D;FALSE;TRUE;
6025;Intérêts sur comptes des membres, bénéficiaires ou clients;;6;602;D;FALSE;TRUE;
60251;Intérêts sur comptes ordinaires créditeurs;;6;6025;D;FALSE;TRUE;
602511;Intérêts sur comptes ordinaires créditeurs;;6;60251;D;TRUE;TRUE;
602512;Intérêts sur comptes ordinaires sur livrets créditeurs;;6;60251;D;TRUE;TRUE;
60252;Intérêts sur dépôts à terme reçus;;6;6025;D;TRUE;TRUE;
60253;Intérêts sur comptes d’épargne à régime spécial;;6;6025;D;TRUE;TRUE;
60254;Intérêts sur dépôts de garantie reçus;;6;6025;D;TRUE;TRUE;
60255;Intérêts sur autres dépôts reçus;;6;6025;D;TRUE;TRUE;
6027;Intérêts sur emprunts et autres sommes dues aux membres, bénéficiaires ou clients;;6;602;D;TRUE;TRUE;
6028;Autres intérêts;;6;602;D;TRUE;TRUE;
6029;Commissions;;6;602;D;TRUE;TRUE;
603;Charges sur opérations sur titres et sur opérations diverses;;6;60;D;FALSE;TRUE;
6031;Charges et pertes sur titres de placement;;6;603;D;TRUE;TRUE;
6038;Charges sur opérations diverses;;6;603;D;TRUE;TRUE;
6039;Commissions;;6;603;D;TRUE;TRUE;
604;Charges sur valeurs immobilisées;;6;60;D;FALSE;TRUE;
6041;Charges sur immobilisations financières;;6;604;D;TRUE;TRUE;
605;Charges sur fonds propres et assimilés;;6;60;D;FALSE;TRUE;
6053;Charges sur emprunts et titres émis subordonnés;;6;605;D;TRUE;TRUE;
608;Charges sur prestations de services financiers;;6;60;D;TRUE;TRUE;
609;Autres charges d'exploitation financière;;6;60;D;FALSE;TRUE;
6091;Moins-values sur cession d'éléments d'actif;;6;609;D;TRUE;TRUE;
6098;Transferts de produits d'exploitation financière;;6;609;D;TRUE;TRUE;
6099;Diverses charges d'exploitation financière;;6;609;D;TRUE;TRUE;
61;ACHATS ET VARIATIONS DE STOCKS;;6;;D;FALSE;TRUE;
611;Achats;;6;61;D;FALSE;TRUE;
6112;Stocks vendus;;6;611;D;TRUE;TRUE;
6116;Achats non stockés de matières et fournitures;;6;611;D;TRUE;TRUE;
6117;Achats de marchandises;;6;611;D;TRUE;TRUE;
6118;Frais accessoires d'achat;;6;611;D;TRUE;TRUE;
6119;Rabais, remises et ristournes obtenus sur achats de marchandises;;6;611;D;TRUE;TRUE;
612;Variations de stocks;;6;61;D;TRUE;TRUE;
62;AUTRES CHARGES EXTERNES ET CHARGES DIVERSES D'EXPLOITATION;;6;;D;FALSE;TRUE;
621;Services extérieurs;;6;62;D;FALSE;TRUE;
6211;Redevances de crédit-bail;;6;621;D;TRUE;TRUE;
6212;Loyers;;6;621;D;TRUE;TRUE;
6213;Charges locatives et de co-propriété;;6;621;D;TRUE;TRUE;
6214;Entretien et réparations;;6;621;D;TRUE;TRUE;
6215;Primes d'assurance;;6;621;D;TRUE;TRUE;
6216;Etudes et recherches;;6;621;D;TRUE;TRUE;
6217;Frais de formation;;6;621;D;TRUE;TRUE;
6218;Divers;;6;621;D;TRUE;TRUE;
6219;Rabais, remises et ristournes obtenus sur services extérieurs;;6;621;D;TRUE;TRUE;
622;Autres services extérieurs;;6;62;D;FALSE;TRUE;
6221;Personnel extérieur à l'institution;;6;622;D;TRUE;TRUE;
6222;Rémunérations d'intermédiaires et honoraires;;6;622;D;TRUE;TRUE;
6223;Publicité, publications et relations publiques;;6;622;D;TRUE;TRUE;
6224;Transports de biens;;6;622;D;TRUE;TRUE;
6225;Transports collectifs du personnel;;6;622;D;TRUE;TRUE;
6226;Déplacements, missions et réceptions;;6;622;D;TRUE;TRUE;
6227;Frais postaux et frais de communication;;6;622;D;TRUE;TRUE;
6228;Divers;;6;622;D;TRUE;TRUE;
6229;Rabais, remises et ristournes obtenus sur autres services extérieurs;;6;622;D;TRUE;TRUE;
623;Charges diverses d'exploitation;;6;62;D;FALSE;TRUE;
6231;Redevances pour concessions, brevets, licences, procédés, droits et valeurs similaires;;6;623;D;TRUE;TRUE;
6232;Indemnités de fonction versées;;6;623;D;TRUE;TRUE;
6233;Frais de tenue des réunions des organes et des assemblées;;6;623;D;TRUE;TRUE;
6235;Moins-values de cession sur immobilisations;;6;623;D;TRUE;TRUE;
6238;Transferts de produits d'exploitation non financière;;6;623;D;TRUE;TRUE;
6239;Autres charges diverses d'exploitation non financière;;6;623;D;TRUE;TRUE;
63;IMPOTS, TAXES ET VERSEMENTS ASSIMILES;;6;;D;FALSE;TRUE;
631;Impôts, taxes et versements assimilés sur rémunérations;;6;63;D;TRUE;TRUE;
632;Autres impôts, taxes et prélèvements assimilés versés à l'Administration des impôts;;6;63;D;TRUE;TRUE;
633;Autres impôts, taxes et prélèvements assimilés versés aux autres organismes;;6;63;D;TRUE;TRUE;
64;CHARGES DE PERSONNEL;;6;;D;FALSE;TRUE;
641;Salaires et traitements;;6;64;D;TRUE;TRUE;
642;Charges sociales;;6;64;D;TRUE;TRUE;
643;Rémunérations versées aux stagiaires;;6;64;D;TRUE;TRUE;
65;DOTATION AU FONDS POUR RISQUES FINANCIERS GENERAUX;;6;;D;TRUE;TRUE;
66;DOTATIONS AUX AMORTISSEMENTS, AUX PROVISIONS ET PERTES SUR CREANCES IRRECOUVRABLES;;6;;D;FALSE;TRUE;
661;Dotations aux amortissements des immobilisations;;6;66;D;TRUE;TRUE;
662;Dotations aux amortissements des charges à répartir;;6;66;D;TRUE;TRUE;
663;Dotations aux provisions pour dépréciation des immobilisations;;6;66;D;TRUE;TRUE;
664;Dotations aux provisions sur créances en souffrance;;6;66;D;FALSE;TRUE;
6641;Dotations aux provisions sur créances en souffrance de 6 mois au plus;;6;664;D;FALSE;TRUE;
66411;Dotations aux provisions sur créances en souffrance de 0 à 3 mois au plus;;6;6641;D;TRUE;TRUE;
66412;Dotations aux provisions sur créances en souffrance de plus de 3 mois à 6 mois au plus;;6;6641;D;TRUE;TRUE;
6642;Dotations aux provisions sur créances en souffrance de plus de 6 mois à 12 mois au plus;;6;664;D;TRUE;TRUE;
6643;Dotations aux provisions sur créances en souffrance de plus de 12 mois à 24 mois au plus;;6;664;D;TRUE;TRUE;
666;Dotations aux provisions pour dépréciation des autres éléments d'actif;;6;66;D;TRUE;TRUE;
667;Dotations aux provisions pour risques et charges;;6;66;D;TRUE;TRUE;
668;Dotations aux provisions réglementées;;6;66;D;TRUE;TRUE;
669;Pertes sur créances irrécouvrables;;6;66;D;TRUE;TRUE;
67;CHARGES EXCEPTIONNELLES ET PERTES SUR EXERCICES ANTERIEURS;;6;;D;FALSE;TRUE;
671;Charges exceptionnelles;;6;67;D;TRUE;TRUE;
672;Pertes sur exercices antérieurs;;6;67;D;TRUE;TRUE;
69;IMPOTS SUR LES EXCEDENTS;;6;;D;FALSE;TRUE;
691;Impôts sur les excédents liés à l’activité d’épargne et de crédit;;6;69;D;TRUE;TRUE;
692;Impôts sur les excédents liés aux activités autres que l’épargne et le crédit;;6;69;D;TRUE;TRUE;
70;PRODUITS D'EXPLOITATION FINANCIERE;;7;;C;FALSE;TRUE;
701;Produits sur opérations avec les institutions financières;;7;70;C;FALSE;TRUE;
7011;Intérêts sur comptes ordinaires chez les institutions financières;;7;701;C;TRUE;TRUE;
7012;Intérêts sur autres comptes de dépôts chez les institutions financières;;7;701;C;TRUE;TRUE;
7013;Intérêts sur comptes de prêts aux institutions financières;;7;701;C;TRUE;TRUE;
7015;Intérêts sur comptes ordinaires des institutions financières;;7;701;C;TRUE;TRUE;
7018;Autres intérêts;;7;701;C;TRUE;TRUE;
7019;Commissions (Cotisations et droits d'adhésion, commissions);;7;701;C;TRUE;TRUE;
702;Produits sur opérations avec les membres, bénéficiaires ou clients;;7;70;C;FALSE;TRUE;
7021;Intérêts sur crédits aux membres, bénéficiaires ou clients;;7;702;C;TRUE;TRUE;
7025;Intérêts sur comptes des membres, bénéficiaires ou clients;;7;702;C;TRUE;TRUE;
7028;Autres intérêts;;7;702;C;TRUE;TRUE;
7029;Commissions (Cotisations et droits d'adhésion, commissions);;7;702;C;TRUE;TRUE;
703;Produits sur opérations sur titres et sur opérations diverses;;7;70;C;FALSE;TRUE;
7038;Produits sur opérations diverses;;7;703;C;TRUE;TRUE;
7039;Commissions;;7;703;C;TRUE;TRUE;
704;Produits sur valeurs immobilisées;;7;70;C;TRUE;TRUE;
708;Produits sur prestations de services financiers;;7;70;C;TRUE;TRUE;
709;Autres produits d'exploitation financière;;7;70;C;FALSE;TRUE;
7091;Plus - values sur cession d'éléments d'actif;;7;709;C;TRUE;TRUE;
7098;Transferts de charges d'exploitation;;7;709;C;TRUE;TRUE;
7099;Divers produits d'exploitation;;7;709;C;TRUE;TRUE;
71;VENTES;;7;;C;FALSE;TRUE;
711;Ventes;;7;71;C;FALSE;TRUE;
7111;Ventes de marchandises;;7;711;C;TRUE;TRUE;
7118;Produits accessoires d'achat;;7;711;C;TRUE;TRUE;
7119;Rabais, remises et ristournes accordés sur ventes de marchandises;;7;711;C;TRUE;TRUE;
72;PRODUITS DIVERS D'EXPLOITATION;;7;;C;FALSE;TRUE;
722;Indemnités de fonction et rémunérations d'administrateurs, de gérants reçues;;7;72;C;TRUE;TRUE;
725;Plus-values de cession;;7;72;C;FALSE;TRUE;
7251;sur immobilisations incorporelles et corporelles;;7;725;C;TRUE;TRUE;
7252;sur immobilisations financières;;7;725;C;TRUE;TRUE;
728;Transferts de charges d'exploitation non financière;;7;72;C;FALSE;TRUE;
7281;Charges refacturées;;7;728;C;TRUE;TRUE;
7282;Charges à répartir sur plusieurs exercices;;7;728;C;TRUE;TRUE;
7289;Autres transferts de charges;;7;728;C;TRUE;TRUE;
729;Autres produits divers d'exploitation;;7;72;C;TRUE;TRUE;
74;SUBVENTIONS D'EXPLOITATION;;7;;C;TRUE;TRUE;
75;REPRISES DU FONDS POUR RISQUES FINANCIERS GENERAUX;;7;;C;TRUE;TRUE;
76;REPRISES D'AMORTISSEMENTS, DE PROVISIONS ET RECUPERATIONS SUR CREANCES IRRECOUVRABLES;;7;;C;FALSE;TRUE;
761;Reprises d'amortissements des immobilisations;;7;76;C;TRUE;TRUE;
763;Reprises de provisions pour dépréciation des immobilisations;;7;76;C;TRUE;TRUE;
764;Reprises de provisions sur créances en souffrance;;7;76;C;TRUE;TRUE;
766;Reprises de provisions pour dépréciation des autres éléments d'actif;;7;76;C;TRUE;TRUE;
767;Reprises de provisions pour risques et charges;;7;76;C;TRUE;TRUE;
768;Reprises de provisions réglementées;;7;76;C;TRUE;TRUE;
769;Récupération sur créances amorties;;7;76;C;TRUE;TRUE;
77;PRODUITS EXCEPTIONNELS ET PROFITS SUR EXERCICES ANTERIEURS;;7;;C;FALSE;TRUE;
771;Produits exceptionnels;;7;77;C;TRUE;TRUE;
772;Profits sur exercices antérieurs;;7;77;C;TRUE;TRUE;
